ISPB,Short_Name,Code_Number,Participation_in_Compe,Main_Access,Full_Name,Start_Date
00000000,BCO DO BRASIL S.A.,001,Yes,RSFN,Banco do Brasil S.A.                                                            ,"Apr 22, 2002"
00000208,BRB - BCO DE BRASILIA S.A.,070,Yes,RSFN,BRB - BANCO DE BRASILIA S.A.                                                    ,"Apr 22, 2002"
00038121,Selic                              ,n/a,No,RSFN,Banco Central do Brasil - Selic                                                 ,"Apr 22, 2002"
00038166,Bacen                              ,n/a,No,RSFN,Banco Central do Brasil                                                         ,"Apr 22, 2002"
00122327,SANTINVEST S.A. - CFI,539,No,RSFN,"SANTINVEST S.A. - CREDITO, FINANCIAMENTO E INVESTIMENTOS                        ","Apr 17, 2023"
00204963,CCR SEARA,430,No,RSFN,COOPERATIVA DE CREDITO RURAL SEARA - CREDISEARA                                 ,"Aug 27, 2021"
00250699,AGK CC S.A.,272,No,RSFN,AGK CORRETORA DE CAMBIO S.A.                                                    ,"Nov 21, 2018"
00315557,CONF NAC COOP CENTRAIS UNICRED,136,Yes,RSFN,CONFEDERAÇÃO NACIONAL DAS COOPERATIVAS CENTRAIS UNICRED LTDA. - UNICRED DO BRASI,"Jul 28, 2014"
00329598,ÍNDIGO INVESTIMENTOS DTVM LTDA.,407,No,RSFN,ÍNDIGO INVESTIMENTOS DISTRIBUIDORA DE TÍTULOS E VALORES MOBILIÁRIOS LTDA.       ,"Feb 22, 2021"
00360305,CAIXA ECONOMICA FEDERAL,104,Yes,RSFN,CAIXA ECONOMICA FEDERAL                                                         ,"Apr 22, 2002"
00394460,STN                                ,n/a,No,RSFN,Secretaria do Tesouro Nacional - STN                                            ,"Apr 22, 2002"
00416968,BANCO INTER,077,Yes,RSFN,Banco Inter S.A.                                                                ,"Aug 15, 2008"
00460065,COLUNA S.A. DTVM,423,No,RSFN,COLUNA S/A DISTRIBUIDORA DE TITULOS E VALORES MOBILIÁRIOS                       ,"Jun 07, 2021"
00517645,BCO RIBEIRAO PRETO S.A.,741,Yes,RSFN,BANCO RIBEIRAO PRETO S.A.                                                       ,"Apr 22, 2002"
00556603,BANCO BARI S.A.,330,No,RSFN,BANCO BARI DE INVESTIMENTOS E FINANCIAMENTOS S.A.                               ,"Jul 22, 2019"
00558456,BCO CETELEM S.A.,739,Yes,RSFN,Banco Cetelem S.A.                                                              ,"Apr 22, 2002"
00714671,EWALLY IP S.A.,534,No,RSFN,EWALLY INSTITUIÇÃO DE PAGAMENTO S.A.                                            ,"Apr 03, 2023"
00795423,BANCO SEMEAR,743,Yes,RSFN,Banco Semear S.A.                                                               ,"Apr 22, 2002"
00806535,PLANNER CV S.A.,100,No,RSFN,Planner Corretora de Valores S.A.                                               ,"Apr 27, 2011"
00954288,FDO GARANTIDOR CRÉDITOS            ,541,No,RSFN,FUNDO GARANTIDOR DE CREDITOS - FGC                                              ,"Mar 08, 2023"
00997185,BCO B3 S.A.,096,No,RSFN,Banco B3 S.A.                                                                   ,"Nov 12, 2004"
01023570,BCO RABOBANK INTL BRASIL S.A.,747,No,RSFN,Banco Rabobank International Brasil S.A.                                        ,"Apr 22, 2002"
01027058,CIELO IP S.A.,362,No,RSFN,CIELO S.A. - INSTITUIÇÃO DE PAGAMENTO                                           ,"Jul 17, 2020"
01073966,CCR DE ABELARDO LUZ,322,Yes,RSFN,Cooperativa de Crédito Rural de Abelardo Luz - Sulcredi/Crediluz                ,"Jun 14, 2019"
01181521,BCO COOPERATIVO SICREDI S.A.,748,Yes,RSFN,BANCO COOPERATIVO SICREDI S.A.                                                  ,"Apr 22, 2002"
01330387,CREHNOR LARANJEIRAS,350,No,RSFN,COOPERATIVA DE CRÉDITO RURAL DE PEQUENOS AGRICULTORES E DA REFORMA AGRÁRIA DO CE,"May 27, 2020"
01522368,BCO BNP PARIBAS BRASIL S A,752,Yes,RSFN,Banco BNP Paribas Brasil S.A.                                                   ,"Apr 22, 2002"
01658426,CECM COOPERFORTE,379,No,RSFN,COOPERFORTE - COOPERATIVA DE ECONOMIA E CRÉDITO MÚTUO DE FUNCIONÁRIOS DE INSTITU,"Sep 01, 2020"
01701201,KIRTON BANK,399,No,RSFN,Kirton Bank S.A. - Banco Múltiplo                                               ,"Apr 22, 2002"
01852137,BCO BRASILEIRO DE CRÉDITO S.A.,378,No,RSFN,BANCO BRASILEIRO DE CRÉDITO SOCIEDADE ANÔNIMA                                   ,"Sep 11, 2020"
01858774,BCO BV S.A.,413,No,RSFN,BANCO BV S.A.                                                                   ,"May 21, 2021"
02038232,BANCO SICOOB S.A.,756,Yes,RSFN,BANCO COOPERATIVO SICOOB S.A. - BANCO SICOOB                                    ,"Apr 22, 2002"
02276653,TRINUS CAPITAL DTVM,360,No,RSFN,TRINUS CAPITAL DISTRIBUIDORA DE TÍTULOS E VALORES MOBILIÁRIOS S.A.              ,"Jul 16, 2020"
02318507,BCO KEB HANA DO BRASIL S.A.,757,Yes,RSFN,BANCO KEB HANA DO BRASIL S.A.                                                   ,"Apr 22, 2002"
02332886,XP INVESTIMENTOS CCTVM S/A,102,No,RSFN,"XP INVESTIMENTOS CORRETORA DE CÂMBIO,TÍTULOS E VALORES MOBILIÁRIOS S/A          ","Nov 22, 2011"
02398976,SISPRIME DO BRASIL - COOP,084,Yes,RSFN,SISPRIME DO BRASIL - COOPERATIVA DE CRÉDITO                                     ,"Nov 24, 2009"
02685483,CM CAPITAL MARKETS CCTVM LTDA,180,No,RSFN,"CM CAPITAL MARKETS CORRETORA DE CÂMBIO, TÍTULOS E VALORES MOBILIÁRIOS LTDA      ","Jan 20, 2017"
02801938,BCO MORGAN STANLEY S.A.,066,No,RSFN,BANCO MORGAN STANLEY S.A.                                                       ,"Apr 22, 2002"
02819125,UBS BRASIL CCTVM S.A.,015,No,RSFN,"UBS Brasil Corretora de Câmbio, Títulos e Valores Mobiliários S.A.              ","Mar 15, 2011"
02992317,TREVISO CC S.A.,143,No,RSFN,Treviso Corretora de Câmbio S.A.                                                ,"Aug 24, 2015"
02992335,CIP SA Siloc                       ,n/a,No,RSFN,CIP S.A                                                                         ,"Feb 13, 2004"
03012230,HIPERCARD BM S.A.,062,Yes,RSFN,Hipercard Banco Múltiplo S.A.                                                   ,"Apr 22, 2002"
03017677,BCO. J.SAFRA S.A.,074,Yes,RSFN,Banco J. Safra S.A.                                                             ,"Aug 26, 2004"
03046391,UNIPRIME COOPCENTRAL LTDA.,099,Yes,RSFN,UNIPRIME CENTRAL NACIONAL - CENTRAL NACIONAL DE COOPERATIVA DE CREDITO          ,"Jan 11, 2011"
03215790,BCO TOYOTA DO BRASIL S.A.,387,No,RSFN,Banco Toyota do Brasil S.A.                                                     ,"Jul 21, 2020"
03311443,PARATI - CFI S.A.,326,No,RSFN,"PARATI - CREDITO, FINANCIAMENTO E INVESTIMENTO S.A.                             ","Jan 07, 2020"
03323840,BCO ALFA S.A.,025,Yes,RSFN,Banco Alfa S.A.                                                                 ,"Apr 22, 2002"
03532415,BCO ABN AMRO S.A.,075,No,RSFN,Banco ABN Amro S.A.                                                             ,"Nov 11, 2005"
03609817,BCO CARGILL S.A.,040,No,RSFN,Banco Cargill S.A.                                                              ,"Apr 22, 2002"
03751794,TERRA INVESTIMENTOS DTVM,307,No,RSFN,Terra Investimentos Distribuidora de Títulos e Valores Mobiliários Ltda.        ,"Oct 25, 2018"
03844699,CECM DOS TRAB.PORT. DA G.VITOR,385,No,RSFN,COOPERATIVA DE ECONOMIA E CREDITO MUTUO DOS TRABALHADORES PORTUARIOS DA GRANDE V,"Mar 08, 2022"
03881423,SOCINAL S.A. CFI,425,No,RSFN,"SOCINAL S.A. - CRÉDITO, FINANCIAMENTO E INVESTIMENTO                            ","Jul 27, 2021"
03973814,SERVICOOP,190,No,RSFN,SERVICOOP - COOPERATIVA DE CRÉDITO DOS SERVIDORES PÚBLICOS ESTADUAIS E MUNICIPAI,"Oct 16, 2017"
04062902,OZ CORRETORA DE CÂMBIO S.A.,296,No,RSFN,OZ CORRETORA DE CÂMBIO S.A.                                                     ,"Feb 11, 2019"
04184779,BANCO BRADESCARD,063,Yes,RSFN,Banco Bradescard S.A.                                                           ,"Apr 22, 2002"
04257795,NOVA FUTURA CTVM LTDA.,191,No,RSFN,Nova Futura Corretora de Títulos e Valores Mobiliários Ltda.                    ,"Jun 22, 2017"
04307598,FIDUCIA SCMEPP LTDA,382,No,RSFN,FIDÚCIA SOCIEDADE DE CRÉDITO AO MICROEMPREENDEDOR E À EMPRESA DE PEQUENO PORTE L,"Jul 31, 2020"
04332281,GOLDMAN SACHS DO BRASIL BM S.A,064,No,RSFN,GOLDMAN SACHS DO BRASIL BANCO MULTIPLO S.A.                                     ,"Apr 22, 2002"
04391007,CAMARA INTERBANCARIA DE PAGAMENTOS - CIP,n/a,No,RSFN,CIP S.A                                                                         ,"Nov 27, 2002"
04546162,CCM SERV. PÚBLICOS SP,459,No,RSFN,COOPERATIVA DE CRÉDITO MÚTUO DE SERVIDORES PÚBLICOS DO ESTADO DE SÃO PAULO - CRE,"Nov 04, 2021"
04632856,CREDISIS CENTRAL DE COOPERATIVAS DE CRÉDITO LTDA.,097,Yes,RSFN,Credisis - Central de Cooperativas de Crédito Ltda.                             ,"Feb 08, 2011"
04715685,CCM DESP TRÂNS SC E RS,016,No,RSFN,COOPERATIVA DE CRÉDITO MÚTUO DOS DESPACHANTES DE TRÂNSITO DE SANTA CATARINA E RI,"May 08, 2012"
04814563,BCO AFINZ S.A. - BM,299,No,RSFN,BANCO AFINZ S.A. - BANCO MÚLTIPLO                                               ,"Dec 03, 2018"
04831810,CECM SERV PUBL PINHÃO,471,No,RSFN,COOPERATIVA DE ECONOMIA E CREDITO MUTUO DOS SERVIDORES PUBLICOS DE PINHÃO - CRES,"Jul 18, 2022"
04862600,PORTOSEG S.A. CFI,468,No,RSFN,"PORTOSEG S.A. - CREDITO, FINANCIAMENTO E INVESTIMENTO                           ","Feb 09, 2022"
04866275,BANCO INBURSA,012,No,RSFN,Banco Inbursa S.A.                                                              ,"May 04, 2017"
04902979,BCO DA AMAZONIA S.A.,003,Yes,RSFN,BANCO DA AMAZONIA S.A.                                                          ,"Apr 22, 2002"
04913129,CONFIDENCE CC S.A.,060,No,Internet,Confidence Corretora de Câmbio S.A.                                             ,"Sep 21, 2010"
04913711,BCO DO EST. DO PA S.A.,037,Yes,RSFN,Banco do Estado do Pará S.A.                                                    ,"Apr 22, 2002"
05192316,VIA CERTA FINANCIADORA S.A. - CFI,411,No,RSFN,"Via Certa Financiadora S.A. - Crédito, Financiamento e Investimentos            ","Feb 22, 2021"
05351887,ZEMA CFI S/A,359,No,RSFN,"ZEMA CRÉDITO, FINANCIAMENTO E INVESTIMENTO S/A                                  ","Jun 10, 2020"
05442029,CASA CREDITO S.A. SCM,159,No,RSFN,Casa do Crédito S.A. Sociedade de Crédito ao Microempreendedor                  ,"Sep 04, 2017"
05463212,COOPCENTRAL AILOS,085,Yes,RSFN,Cooperativa Central de Crédito - Ailos                                          ,"May 17, 2010"
05491616,COOP CREDITAG,400,No,RSFN,"COOPERATIVA DE CRÉDITO, POUPANÇA E SERVIÇOS FINANCEIROS DO CENTRO OESTE - CREDIT","Feb 24, 2021"
05676026,CREDIARE CFI S.A.,429,No,RSFN,"Crediare S.A. - Crédito, financiamento e investimento                           ","Sep 08, 2021"
05684234,PLANNER SOCIEDADE DE CRÉDITO DIRETO,410,No,RSFN,PLANNER SOCIEDADE DE CRÉDITO DIRETO S.A.                                        ,"Feb 17, 2021"
05790149,CENTRAL COOPERATIVA DE CRÉDITO NO ESTADO DO ESPÍRITO SANTO,114,Yes,RSFN,Central Cooperativa de Crédito no Estado do Espírito Santo - CECOOP             ,"Oct 27, 2011"
05841967,CECM FABRIC CALÇADOS SAPIRANGA,328,No,RSFN,COOPERATIVA DE ECONOMIA E CRÉDITO MÚTUO DOS FABRICANTES DE CALÇADOS DE SAPIRANGA,"Mar 22, 2021"
06271464,BCO BBI S.A.,036,Yes,RSFN,Banco Bradesco BBI S.A.                                                         ,"Apr 22, 2002"
07138049,LIGA INVEST DTVM LTDA.,469,No,RSFN,LIGA INVEST DISTRIBUIDORA DE TÍTULOS E VALORES MOBILIÁRIOS LTDA                 ,"Mar 09, 2022"
07207996,BCO BRADESCO FINANC. S.A.,394,Yes,RSFN,Banco Bradesco Financiamentos S.A.                                              ,"Apr 22, 2002"
07237373,BCO DO NORDESTE DO BRASIL S.A.,004,Yes,RSFN,Banco do Nordeste do Brasil S.A.                                                ,"Apr 22, 2002"
07253654,HEDGE INVESTMENTS DTVM LTDA.,458,No,RSFN,HEDGE INVESTMENTS DISTRIBUIDORA DE TÍTULOS E VALORES MOBILIÁRIOS LTDA.          ,"Sep 08, 2021"
07450604,BCO CCB BRASIL S.A.,320,Yes,RSFN,China Construction Bank (Brasil) Banco Múltiplo S/A                             ,"Apr 22, 2002"
07512441,HS FINANCEIRA,189,No,RSFN,"HS FINANCEIRA S/A CREDITO, FINANCIAMENTO E INVESTIMENTOS                        ","Jun 05, 2017"
07652226,LECCA CFI S.A.,105,No,RSFN,"Lecca Crédito, Financiamento e Investimento S/A                                 ","Dec 27, 2011"
07656500,BCO KDB BRASIL S.A.,076,No,RSFN,Banco KDB do Brasil S.A.                                                        ,"Apr 10, 2006"
07679404,BANCO TOPÁZIO S.A.,082,No,RSFN,BANCO TOPÁZIO S.A.                                                              ,"Jun 12, 2009"
07693858,HSCM SCMEPP LTDA.,312,No,RSFN,HSCM - SOCIEDADE DE CRÉDITO AO MICROEMPREENDEDOR E À EMPRESA DE PEQUENO PORTE LT,"Feb 09, 2021"
07799277,VALOR SCD S.A.,195,No,RSFN,VALOR SOCIEDADE DE CRÉDITO DIRETO S.A.                                          ,"Aug 09, 2021"
07945233,POLOCRED SCMEPP LTDA.,093,No,RSFN,PÓLOCRED   SOCIEDADE DE CRÉDITO AO MICROEMPREENDEDOR E À EMPRESA DE PEQUENO PORT,"Nov 09, 2010"
08240446,CCR DE IBIAM,391,No,RSFN,COOPERATIVA DE CREDITO RURAL DE IBIAM - SULCREDI/IBIAM                          ,"Jul 10, 2020"
08253539,CCR DE SÃO MIGUEL DO OESTE,273,No,RSFN,Cooperativa de Crédito Rural de São Miguel do Oeste - Sulcredi/São Miguel       ,"Apr 24, 2018"
08357240,BCO CSF S.A.,368,No,RSFN,Banco CSF S.A.                                                                  ,"May 25, 2020"
08561701,PAGSEGURO INTERNET IP S.A.,290,No,RSFN,PAGSEGURO INTERNET INSTITUIÇÃO DE PAGAMENTO S.A.                                ,"Nov 07, 2018"
08609934,MONEYCORP BCO DE CÂMBIO S.A.,259,No,RSFN,MONEYCORP BANCO DE CÂMBIO S.A.                                                  ,"Jan 27, 2020"
08673569,F D GOLD DTVM LTDA,395,No,Internet,F.D'GOLD - DISTRIBUIDORA DE TÍTULOS E VALORES MOBILIÁRIOS LTDA.                 ,"Dec 01, 2020"
09089356,EFÍ S.A. - IP,364,No,RSFN,EFÍ S.A. - INSTITUIÇÃO DE PAGAMENTO                                             ,"Mar 16, 2020"
09105360,ICAP DO BRASIL CTVM LTDA.,157,No,RSFN,ICAP do Brasil Corretora de Títulos e Valores Mobiliários Ltda.                 ,"Feb 12, 2016"
09210106,SOCRED SA - SCMEPP,183,No,RSFN,SOCRED S.A. - SOCIEDADE DE CRÉDITO AO MICROEMPREENDEDOR E À EMPRESA DE PEQUENO P,"Jun 12, 2017"
09274232,STATE STREET BR S.A. BCO COMERCIAL,014,No,RSFN,STATE STREET BRASIL S.A. - BANCO COMERCIAL                                      ,"Aug 08, 2008"
09313766,CARUANA SCFI,130,No,RSFN,"CARUANA S.A. - SOCIEDADE DE CRÉDITO, FINANCIAMENTO E INVESTIMENTO               ","Aug 12, 2013"
09464032,MIDWAY S.A. - SCFI,358,No,RSFN,"MIDWAY S.A. - CRÉDITO, FINANCIAMENTO E INVESTIMENTO                             ","Feb 01, 2021"
09512542,CODEPE CVC S.A.,127,No,Internet,Codepe Corretora de Valores e Câmbio S.A.                                       ,"Nov 09, 2012"
09516419,PICPAY BANK - BANCO MÚLTIPLO S.A,079,No,RSFN,PICPAY BANK - BANCO MÚLTIPLO S.A                                                ,"Jul 25, 2008"
09526594,MASTER BI S.A.,141,No,RSFN,BANCO MASTER DE INVESTIMENTO S.A.                                               ,"Mar 20, 2023"
09554480,SUPERDIGITAL I.P. S.A.,340,No,RSFN,SUPERDIGITAL INSTITUIÇÃO DE PAGAMENTO S.A.                                      ,"Sep 25, 2019"
10264663,BANCOSEGURO S.A.,081,No,RSFN,BancoSeguro S.A.                                                                ,"Oct 24, 2008"
10371492,BCO YAMAHA MOTOR S.A.,475,No,RSFN,Banco Yamaha Motor do Brasil S.A.                                               ,"Sep 05, 2022"
10398952,CRESOL CONFEDERAÇÃO,133,Yes,RSFN,CONFEDERAÇÃO NACIONAL DAS COOPERATIVAS CENTRAIS DE CRÉDITO E ECONOMIA FAMILIAR E,"May 02, 2016"
10573521,MERCADO PAGO IP LTDA.,323,No,RSFN,MERCADO PAGO INSTITUIÇÃO DE PAGAMENTO LTDA.                                     ,"Jun 24, 2019"
10664513,BCO AGIBANK S.A.,121,No,RSFN,Banco Agibank S.A.                                                              ,"Apr 04, 2012"
10690848,BCO DA CHINA BRASIL S.A.,083,Yes,RSFN,Banco da China Brasil S.A.                                                      ,"Jul 14, 2009"
10853017,GET MONEY CC LTDA,138,No,Internet,Get Money Corretora de Câmbio S.A.                                              ,"Jul 14, 2014"
10866788,BCO BANDEPE S.A.,024,No,RSFN,Banco Bandepe S.A.                                                              ,"Apr 22, 2002"
11165756,GLOBAL SCM LTDA,384,No,RSFN,GLOBAL FINANÇAS SOCIEDADE DE CRÉDITO AO MICROEMPREENDEDOR E À EMPRESA DE PEQUENO,"Oct 13, 2020"
11285104,NEON FINANCEIRA - CFI S.A.,426,No,RSFN,"NEON FINANCEIRA - CRÉDITO, FINANCIAMENTO E INVESTIMENTO S.A.                    ","May 21, 2021"
11476673,BANCO RANDON S.A.,088,No,RSFN,BANCO RANDON S.A.                                                               ,"Aug 03, 2020"
11495073,OM DTVM LTDA,319,No,Internet,OM DISTRIBUIDORA DE TÍTULOS E VALORES MOBILIÁRIOS LTDA                          ,"Mar 01, 2019"
11581339,BMP SCMEPP LTDA,274,No,RSFN,BMP SOCIEDADE DE CRÉDITO AO MICROEMPREENDEDOR E A EMPRESA DE PEQUENO PORTE LTDA.,"Sep 10, 2019"
11703662,TRAVELEX BANCO DE CÂMBIO S.A.,095,No,RSFN,Travelex Banco de Câmbio S.A.                                                   ,"Jun 22, 2010"
11758741,BANCO FINAXIS,094,No,RSFN,Banco Finaxis S.A.                                                              ,"Aug 23, 2010"
11760553,GAZINCRED S.A. SCFI,478,No,RSFN,"GAZINCRED S.A. SOCIEDADE DE CRÉDITO, FINANCIAMENTO E INVESTIMENTO               ","Mar 21, 2022"
11970623,BCO SENFF S.A.,276,No,RSFN,BANCO SENFF S.A.                                                                ,"Jun 12, 2018"
12392983,MIRAE ASSET CCTVM LTDA,447,No,RSFN,"MIRAE ASSET WEALTH MANAGEMENT (BRAZIL) CORRETORA DE CÂMBIO, TÍTULOS E VALORES MO","Sep 27, 2021"
13009717,BCO DO EST. DE SE S.A.,047,Yes,RSFN,Banco do Estado de Sergipe S.A.                                                 ,"Apr 22, 2002"
13059145,BEXS BCO DE CAMBIO S.A.,144,No,RSFN,BEXS BANCO DE CÂMBIO S/A                                                        ,"May 23, 2016"
13140088,ACESSO SOLUÇÕES DE PAGAMENTO S.A. - INSTITUIÇÃO DE PAGAMENTO,332,No,RSFN,ACESSO SOLUÇÕES DE PAGAMENTO S.A. - INSTITUIÇÃO DE PAGAMENTO                    ,"Aug 16, 2019"
13203354,FITBANK IP,450,No,RSFN,FITBANK INSTITUIÇÃO DE PAGAMENTOS ELETRÔNICOS S.A.                              ,"Jun 30, 2021"
13220493,BR PARTNERS BI,126,No,RSFN,BR Partners Banco de Investimento S.A.                                          ,"Jan 04, 2013"
13293225,ÓRAMA DTVM S.A.,325,No,RSFN,Órama Distribuidora de Títulos e Valores Mobiliários S.A.                       ,"May 31, 2019"
13370835,DOCK IP S.A.,301,No,RSFN,DOCK INSTITUIÇÃO DE PAGAMENTO S.A.                                              ,"Sep 26, 2018"
13486793,BRL TRUST DTVM SA,173,No,RSFN,BRL Trust Distribuidora de Títulos e Valores Mobiliários S.A.                   ,"Nov 28, 2016"
13673855,FRAM CAPITAL DTVM S.A.,331,No,RSFN,Fram Capital Distribuidora de Títulos e Valores Mobiliários S.A.                ,"Sep 27, 2019"
13720915,BCO WESTERN UNION,119,No,RSFN,Banco Western Union do Brasil S.A.                                              ,"Oct 10, 2011"
13884775,HUB IP S.A.,396,No,RSFN,HUB INSTITUIÇÃO DE PAGAMENTO S.A.                                               ,"Aug 13, 2020"
13935893,CELCOIN IP S.A.,509,No,RSFN,CELCOIN INSTITUICAO DE PAGAMENTO S.A.                                           ,"Jan 23, 2023"
14190547,CAMBIONET CC LTDA,309,No,Internet,CAMBIONET CORRETORA DE CÂMBIO LTDA.                                             ,"Nov 21, 2018"
14388334,PARANA BCO S.A.,254,Yes,RSFN,PARANÁ BANCO S.A.                                                               ,"Apr 22, 2002"
14511781,BARI CIA HIPOTECÁRIA,268,No,Internet,BARI COMPANHIA HIPOTECÁRIA                                                      ,"Dec 21, 2017"
15111975,IUGU IP S.A.,401,No,RSFN,IUGU INSTITUIÇÃO DE PAGAMENTO S.A.                                              ,"May 06, 2021"
15114366,BCO BOCOM BBM S.A.,107,Yes,RSFN,Banco Bocom BBM S.A.                                                            ,"Apr 22, 2002"
15124464,BANCO BESA S.A.,334,No,RSFN,BANCO BESA S.A.                                                                 ,"Feb 22, 2023"
15173776,SOCIAL BANK S/A,412,No,RSFN,SOCIAL BANK BANCO MÚLTIPLO S/A                                                  ,"Apr 22, 2002"
15357060,BCO WOORI BANK DO BRASIL S.A.,124,Yes,RSFN,Banco Woori Bank do Brasil S.A.                                                 ,"Aug 09, 2012"
15581638,FACTA S.A. CFI,149,No,RSFN,Facta Financeira S.A. - Crédito Financiamento e Investimento                    ,"Jul 08, 2015"
16501555,STONE IP S.A.,197,No,RSFN,STONE INSTITUIÇÃO DE PAGAMENTO S.A.                                             ,"Oct 18, 2017"
16695922,ID CTVM,439,No,RSFN,ID CORRETORA DE TÍTULOS E VALORES MOBILIÁRIOS S.A.                              ,"Sep 30, 2021"
16927221,AMAZÔNIA CC LTDA.,313,No,Internet,AMAZÔNIA CORRETORA DE CÂMBIO LTDA.                                              ,"Aug 28, 2020"
16944141,BROKER BRASIL CC LTDA.,142,No,RSFN,Broker Brasil Corretora de Câmbio Ltda.                                         ,"Jun 23, 2015"
17079937,PINBANK IP,529,No,RSFN,PINBANK BRASIL INSTITUIÇÃO DE PAGAMENTO S.A.                                    ,"Nov 16, 2022"
17184037,BCO MERCANTIL DO BRASIL S.A.,389,Yes,RSFN,Banco Mercantil do Brasil S.A.                                                  ,"Apr 22, 2002"
17298092,BCO ITAÚ BBA S.A.,184,No,RSFN,Banco Itaú BBA S.A.                                                             ,"Apr 22, 2002"
17351180,BCO TRIANGULO S.A.,634,Yes,RSFN,BANCO TRIANGULO S.A.                                                            ,"Apr 22, 2002"
17352220,SENSO CCVM S.A.,545,No,Internet,SENSO CORRETORA DE CAMBIO E VALORES MOBILIARIOS S.A                             ,"Sep 27, 2010"
17453575,ICBC DO BRASIL BM S.A.,132,No,RSFN,ICBC do Brasil Banco Múltiplo S.A.                                              ,"Sep 26, 2013"
17772370,VIPS CC LTDA.,298,No,Internet,Vip's Corretora de Câmbio Ltda.                                                 ,"Aug 15, 2018"
17826860,BMS SCD S.A.,377,No,RSFN,BMS SOCIEDADE DE CRÉDITO DIRETO S.A.                                            ,"Oct 01, 2020"
18188384,CREFAZ SCMEPP LTDA,321,No,RSFN,CREFAZ SOCIEDADE DE CRÉDITO AO MICROEMPREENDEDOR E A EMPRESA DE PEQUENO PORTE LT,"Jun 11, 2019"
18236120,NU PAGAMENTOS - IP,260,No,RSFN,NU PAGAMENTOS S.A. - INSTITUIÇÃO DE PAGAMENTO                                   ,"Oct 10, 2017"
18394228,CDC SCD S.A.,470,No,RSFN,CDC SOCIEDADE DE CRÉDITO DIRETO S.A.                                            ,"Mar 15, 2022"
18520834,UBS BRASIL BI S.A.,129,No,RSFN,UBS Brasil Banco de Investimento S.A.                                           ,"Mar 12, 2014"
19307785,BRAZA BANK S.A. BCO DE CÂMBIO,128,No,RSFN,BRAZA BANK S.A. BANCO DE CÂMBIO                                                 ,"Apr 27, 2015"
19324634,LAMARA SCD S.A.,416,No,Internet,LAMARA SOCIEDADE DE CRÉDITO DIRETO S.A.                                         ,"Apr 08, 2021"
19540550,ASAAS IP S.A.,461,No,RSFN,ASAAS GESTÃO FINANCEIRA INSTITUIÇÃO DE PAGAMENTO S.A.                           ,"Oct 29, 2021"
20155248,PARMETAL DTVM LTDA,194,No,RSFN,PARMETAL DISTRIBUIDORA DE TÍTULOS E VALORES MOBILIÁRIOS LTDA                    ,"Oct 25, 2017"
20855875,NEON PAGAMENTOS S.A. IP,536,No,RSFN,NEON PAGAMENTOS S.A. - INSTITUIÇÃO DE PAGAMENTO                                 ,"Jan 12, 2023"
21018182,EBANX IP LTDA.,383,No,RSFN,EBANX INSTITUICAO DE PAGAMENTOS LTDA.                                           ,"Jul 09, 2020"
21332862,CARTOS SCD S.A.,324,No,RSFN,CARTOS SOCIEDADE DE CRÉDITO DIRETO S.A.                                         ,"Sep 16, 2020"
22610500,VORTX DTVM LTDA.,310,No,RSFN,VORTX DISTRIBUIDORA DE TITULOS E VALORES MOBILIARIOS LTDA.                      ,"Oct 18, 2018"
22896431,PICPAY,380,No,RSFN,PICPAY INSTITUIçãO DE PAGAMENTO S.A.                                            ,"Oct 15, 2020"
23862762,WILL FINANCEIRA S.A.CFI,280,No,RSFN,"WILL FINANCEIRA S.A. CRÉDITO, FINANCIAMENTO E INVESTIMENTO                      ","May 10, 2018"
24074692,GUITTA CC LTDA,146,No,Internet,GUITTA CORRETORA DE CAMBIO LTDA.                                                ,"May 20, 2015"
24537861,FFA SCMEPP LTDA.,343,No,RSFN,FFA SOCIEDADE DE CRÉDITO AO MICROEMPREENDEDOR E À EMPRESA DE PEQUENO PORTE LTDA.,"Nov 12, 2019"
26563270,COOP DE PRIMAVERA DO LESTE,279,Yes,RSFN,PRIMACREDI COOPERATIVA DE CRÉDITO DE PRIMAVERA DO LESTE                         ,"Jun 05, 2018"
27098060,BANCO DIGIO,335,No,RSFN,Banco Digio S.A.                                                                ,"Nov 25, 2019"
27214112,AL5 S.A. CFI,349,No,RSFN,"AL5 S.A. CRÉDITO, FINANCIAMENTO E INVESTIMENTO                                  ","Oct 24, 2019"
27302181,CRED-UFES,427,No,RSFN,COOPERATIVA DE CREDITO DOS SERVIDORES DA UNIVERSIDADE FEDERAL DO ESPIRITO SANTO ,"Apr 26, 2021"
27351731,REALIZE CFI S.A.,374,No,RSFN,"REALIZE CRÉDITO, FINANCIAMENTO E INVESTIMENTO S.A.                              ","Sep 16, 2020"
27652684,GENIAL INVESTIMENTOS CVM S.A.,278,No,RSFN,Genial Investimentos Corretora de Valores Mobiliários S.A.                      ,"May 14, 2018"
27842177,IB CCTVM S.A.,271,No,RSFN,"IB Corretora de Câmbio, Títulos e Valores Mobiliários S.A.                      ","Feb 26, 2018"
28127603,BCO BANESTES S.A.,021,Yes,RSFN,BANESTES S.A. BANCO DO ESTADO DO ESPIRITO SANTO                                 ,"Apr 22, 2002"
28195667,BCO ABC BRASIL S.A.,246,Yes,RSFN,Banco ABC Brasil S.A.                                                           ,"Apr 22, 2002"
28650236,BS2 DTVM S.A.,292,No,RSFN,BS2 Distribuidora de Títulos e Valores Mobiliários S.A.                         ,"Oct 24, 2018"
28719664,Balcão B3                          ,n/a,No,RSFN,Sistema do Balcão B3                                                            ,"Apr 22, 2002"
29011780,CIP SA C3                          ,n/a,No,RSFN,CIP S.A                                                                         ,"Jan 30, 2012"
29030467,SCOTIABANK BRASIL,751,No,RSFN,Scotiabank Brasil S.A. Banco Múltiplo                                           ,"Apr 22, 2002"
29162769,TORO CTVM S.A.,352,No,RSFN,TORO CORRETORA DE TÍTULOS E VALORES MOBILIÁRIOS S.A.                            ,"Nov 29, 2019"
30306294,BANCO BTG PACTUAL S.A.,208,Yes,RSFN,Banco BTG Pactual S.A.                                                          ,"Apr 22, 2002"
30680829,NU FINANCEIRA S.A. CFI,386,No,RSFN,"NU FINANCEIRA S.A. - Sociedade de Crédito, Financiamento e Investimento         ","Jan 12, 2021"
30723886,BCO MODAL S.A.,746,Yes,RSFN,Banco Modal S.A.                                                                ,"Apr 22, 2002"
30980539,U4C INSTITUIÇÃO DE PAGAMENTO S.A.,546,No,RSFN,U4C INSTITUIÇÃO DE PAGAMENTO S.A.                                               ,"Apr 24, 2023"
31597552,BCO CLASSICO S.A.,241,Yes,RSFN,BANCO CLASSICO S.A.                                                             ,"Apr 22, 2002"
31749596,IDEAL CTVM S.A.,398,No,RSFN,IDEAL CORRETORA DE TÍTULOS E VALORES MOBILIÁRIOS S.A.                           ,"Jan 11, 2021"
31872495,BCO C6 S.A.,336,No,RSFN,Banco C6 S.A.                                                                   ,"Jan 31, 2019"
31880826,BCO GUANABARA S.A.,612,Yes,RSFN,Banco Guanabara S.A.                                                            ,"Apr 22, 2002"
31895683,BCO INDUSTRIAL DO BRASIL S.A.,604,Yes,RSFN,Banco Industrial do Brasil S.A.                                                 ,"Apr 22, 2002"
32062580,BCO CREDIT SUISSE S.A.,505,Yes,RSFN,Banco Credit Suisse (Brasil) S.A.                                               ,"Apr 22, 2002"
32402502,QI SCD S.A.,329,No,RSFN,QI Sociedade de Crédito Direto S.A.                                             ,"Apr 30, 2019"
32648370,FAIR CC S.A.,196,No,Internet,FAIR CORRETORA DE CAMBIO S.A.                                                   ,"Sep 11, 2017"
32997490,CREDITAS SCD,342,No,RSFN,Creditas Sociedade de Crédito Direto S.A.                                       ,"Jul 26, 2019"
33042151,BCO LA NACION ARGENTINA,300,Yes,RSFN,Banco de la Nacion Argentina                                                    ,"Apr 22, 2002"
33042953,CITIBANK N.A.,477,Yes,RSFN,Citibank N.A.                                                                   ,"Apr 22, 2002"
33132044,BCO CEDULA S.A.,266,Yes,RSFN,BANCO CEDULA S.A.                                                               ,"Apr 22, 2002"
33147315,BCO BRADESCO BERJ S.A.,122,Yes,RSFN,Banco Bradesco BERJ S.A.                                                        ,"Nov 08, 2011"
33172537,BCO J.P. MORGAN S.A.,376,Yes,RSFN,BANCO J.P. MORGAN S.A.                                                          ,"Apr 22, 2002"
33264668,BCO XP S.A.,348,No,RSFN,Banco XP S.A.                                                                   ,"Nov 01, 2019"
33466988,BCO CAIXA GERAL BRASIL S.A.,473,No,RSFN,Banco Caixa Geral - Brasil S.A.                                                 ,"Mar 31, 2009"
33479023,BCO CITIBANK S.A.,745,Yes,RSFN,Banco Citibank S.A.                                                             ,"Apr 22, 2002"
33603457,BCO RODOBENS S.A.,120,Yes,RSFN,BANCO RODOBENS S.A.                                                             ,"Feb 06, 2012"
33644196,BCO FATOR S.A.,265,Yes,RSFN,Banco Fator S.A.                                                                ,"Apr 22, 2002"
33657248,BNDES,007,No,RSFN,BANCO NACIONAL DE DESENVOLVIMENTO ECONOMICO E SOCIAL                            ,"Jun 30, 2014"
33775974,ATIVA S.A. INVESTIMENTOS CCTVM,188,No,RSFN,"ATIVA INVESTIMENTOS S.A. CORRETORA DE TÍTULOS, CÂMBIO E VALORES                 ","Jul 28, 2017"
33862244,BGC LIQUIDEZ DTVM LTDA,134,No,RSFN,BGC LIQUIDEZ DISTRIBUIDORA DE TÍTULOS E VALORES MOBILIÁRIOS LTDA                ,"Jul 28, 2014"
33885724,BANCO ITAÚ CONSIGNADO S.A.,029,No,RSFN,Banco Itaú Consignado S.A.                                                      ,"Apr 22, 2002"
33886862,MASTER S/A CCTVM,467,No,RSFN,"MASTER S/A CORRETORA DE CâMBIO, TíTULOS E VALORES MOBILIáRIOS                   ","Dec 16, 2021"
33923798,BANCO MASTER,243,Yes,RSFN,BANCO MASTER S/A                                                                ,"Apr 22, 2002"
34088029,LISTO SCD S.A.,397,No,RSFN,LISTO SOCIEDADE DE CREDITO DIRETO S.A.                                          ,"Oct 15, 2020"
34111187,HAITONG BI DO BRASIL S.A.,078,No,RSFN,Haitong Banco de Investimento do Brasil S.A.                                    ,"Jul 31, 2008"
34265629,INTERCAM CC LTDA,525,No,RSFN,INTERCAM CORRETORA DE CÂMBIO LTDA.                                              ,"Dec 05, 2022"
34335592,ÓTIMO SCD S.A.,355,No,Internet,ÓTIMO SOCIEDADE DE CRÉDITO DIRETO S.A.                                          ,"Oct 21, 2019"
34711571,VITREO DTVM S.A.,367,No,RSFN,VITREO DISTRIBUIDORA DE TÍTULOS E VALORES MOBILIÁRIOS S.A.                      ,"Mar 12, 2020"
34829992,REAG DTVM S.A.,528,No,RSFN,REAG DISTRIBUIDORA DE TÍTULOS E VALORES MOBILIÁRIOS S.A.                        ,"Mar 06, 2023"
35551187,PLANTAE CFI,445,No,RSFN,"PLANTAE S.A. - CRÉDITO, FINANCIAMENTO E INVESTIMENTO                            ","Jun 23, 2021"
35977097,UP.P SEP S.A.,373,No,RSFN,UP.P SOCIEDADE DE EMPRÉSTIMO ENTRE PESSOAS S.A.                                 ,"Mar 25, 2020"
36113876,OLIVEIRA TRUST DTVM S.A.,111,No,RSFN,OLIVEIRA TRUST DISTRIBUIDORA DE TÍTULOS E VALORES MOBILIARIOS S.A.              ,"Mar 24, 2011"
36266751,FINVEST DTVM,512,No,RSFN,FINVEST DISTRIBUIDORA DE TÍTULOS E VALORES MOBILIÁRIOS LTDA.                    ,"Aug 01, 2022"
36583700,QISTA S.A. CFI,516,No,RSFN,"QISTA S.A. - CRÉDITO, FINANCIAMENTO E INVESTIMENTO                              ","Oct 24, 2022"
36586946,BONUSPAGO SCD S.A.,408,No,RSFN,BONUSPAGO SOCIEDADE DE CRÉDITO DIRETO S.A.                                      ,"Oct 14, 2020"
36864992,MAF DTVM SA,484,No,RSFN,MAF DISTRIBUIDORA DE TÍTULOS E VALORES MOBILIÁRIOS S.A.                         ,"Jul 20, 2022"
36947229,COBUCCIO S.A. SCFI,402,No,RSFN,"COBUCCIO S/A - SOCIEDADE DE CRÉDITO, FINANCIAMENTO E INVESTIMENTOS              ","Dec 03, 2020"
37229413,SCFI EFÍ S.A.,507,No,RSFN,"SOCIEDADE DE CRÉDITO, FINANCIAMENTO E INVESTIMENTO EFÍ S.A.                     ","Dec 12, 2022"
37241230,SUMUP SCD S.A.,404,No,RSFN,SUMUP SOCIEDADE DE CRÉDITO DIRETO S.A.                                          ,"Oct 16, 2020"
37414009,ZIPDIN SCD S.A.,418,No,RSFN,ZIPDIN SOLUÇÕES DIGITAIS SOCIEDADE DE CRÉDITO DIRETO S/A                        ,"Aug 26, 2021"
37526080,LEND SCD S.A.,414,No,RSFN,LEND SOCIEDADE DE CRÉDITO DIRETO S.A.                                           ,"Mar 25, 2021"
37555231,DM,449,No,RSFN,DM SOCIEDADE DE CRÉDITO DIRETO S.A.                                             ,"Oct 22, 2021"
37679449,MERCADO CRÉDITO SCFI S.A.,518,No,RSFN,"MERCADO CRÉDITO SOCIEDADE DE CRÉDITO, FINANCIAMENTO E INVESTIMENTO S.A.         ","Jan 30, 2023"
37715993,ACCREDITO SCD S.A.,406,No,RSFN,ACCREDITO - SOCIEDADE DE CRÉDITO DIRETO S.A.                                    ,"Nov 27, 2020"
37880206,CORA SCD S.A.,403,No,RSFN,CORA SOCIEDADE DE CRÉDITO DIRETO S.A.                                           ,"Sep 29, 2020"
38129006,NUMBRS SCD S.A.,419,No,RSFN,NUMBRS SOCIEDADE DE CRÉDITO DIRETO S.A.                                         ,"Mar 18, 2021"
38224857,DELCRED SCD S.A.,435,Yes,RSFN,DELCRED SOCIEDADE DE CRÉDITO DIRETO S.A.                                        ,"Aug 27, 2021"
38429045,FÊNIX DTVM LTDA.,455,No,RSFN,FÊNIX DISTRIBUIDORA DE TÍTULOS E VALORES MOBILIÁRIOS LTDA.                      ,"Dec 05, 2022"
39343350,CC LAR CREDI,421,Yes,RSFN,LAR COOPERATIVA DE CRÉDITO - LAR CREDI                                          ,"Jul 21, 2021"
39416705,CREDIHOME SCD,443,No,RSFN,CREDIHOME SOCIEDADE DE CRÉDITO DIRETO S.A.                                      ,"Nov 18, 2021"
39519944,MARU SCD S.A.,535,No,RSFN,MARÚ SOCIEDADE DE CRÉDITO DIRETO S.A.                                           ,"Feb 10, 2023"
39587424,UY3 SCD S/A,457,No,RSFN,UY3 SOCIEDADE DE CRÉDITO DIRETO S/A                                             ,"Oct 26, 2021"
39664698,CREDSYSTEM SCD S.A.,428,No,RSFN,CREDSYSTEM SOCIEDADE DE CRÉDITO DIRETO S.A.                                     ,"Apr 20, 2021"
39669186,HEMERA DTVM LTDA.,448,No,RSFN,HEMERA DISTRIBUIDORA DE TÍTULOS E VALORES MOBILIÁRIOS LTDA.                     ,"Aug 17, 2021"
39676772,CREDIFIT SCD S.A.,452,No,RSFN,CREDIFIT SOCIEDADE DE CRÉDITO DIRETO S.A.                                       ,"Sep 15, 2021"
39738065,FFCRED SCD S.A.,510,No,RSFN,FFCRED SOCIEDADE DE CRÉDITO DIRETO S.A..                                        ,"Nov 30, 2022"
39908427,STARK SCD S.A.,462,No,Internet,STARK SOCIEDADE DE CRÉDITO DIRETO S.A.                                          ,"Oct 01, 2021"
40083667,CAPITAL CONSIG SCD S.A.,465,No,RSFN,CAPITAL CONSIG SOCIEDADE DE CRÉDITO DIRETO S.A.                                 ,"Dec 03, 2021"
40303299,PORTOPAR DTVM LTDA,306,No,RSFN,PORTOPAR DISTRIBUIDORA DE TITULOS E VALORES MOBILIARIOS LTDA.                   ,"Feb 06, 2019"
40434681,AZUMI DTVM,463,No,RSFN,AZUMI DISTRIBUIDORA DE TíTULOS E VALORES MOBILIáRIOS LTDA.                      ,"Dec 21, 2021"
40475846,J17 - SCD S/A,451,No,RSFN,J17 - SOCIEDADE DE CRÉDITO DIRETO S/A                                           ,"Jan 18, 2022"
40654622,TRINUS SCD S.A.,444,No,RSFN,TRINUS SOCIEDADE DE CRÉDITO DIRETO S.A.                                         ,"Sep 09, 2021"
40768766,LIONS TRUST DTVM,519,No,RSFN,LIONS TRUST DISTRIBUIDORA DE TÍTULOS E VALORES MOBILIÁRIOS LTDA.                ,"Dec 12, 2022"
41592532,MÉRITO DTVM LTDA.,454,No,RSFN,MÉRITO DISTRIBUIDORA DE TÍTULOS E VALORES MOBILIÁRIOS LTDA.                     ,"Nov 23, 2021"
42047025,UNAVANTI SCD S/A,460,No,RSFN,UNAVANTI SOCIEDADE DE CRÉDITO DIRETO S/A                                        ,"Jan 18, 2022"
42066258,RJI,506,No,RSFN,RJI CORRETORA DE TITULOS E VALORES MOBILIARIOS LTDA                             ,"Jul 21, 2022"
42259084,SBCASH SCD,482,No,RSFN,SBCASH SOCIEDADE DE CRÉDITO DIRETO S.A.                                         ,"Oct 11, 2022"
42272526,BNY MELLON BCO S.A.,017,Yes,RSFN,BNY Mellon Banco S.A.                                                           ,"Nov 19, 2012"
43180355,PEFISA S.A. - C.F.I.,174,No,RSFN,"PEFISA S.A. - CRÉDITO, FINANCIAMENTO E INVESTIMENTO                             ","Nov 21, 2017"
43599047,SUPERLÓGICA SCD S.A.,481,No,RSFN,SUPERLÓGICA SOCIEDADE DE CRÉDITO DIRETO S.A.                                    ,"Aug 29, 2022"
44019481,PEAK SEP S.A.,521,No,RSFN,PEAK SOCIEDADE DE EMPRÉSTIMO ENTRE PESSOAS S.A.                                 ,"Jan 27, 2023"
44077014,BR-CAPITAL DTVM S.A.,433,No,RSFN,BR-CAPITAL DISTRIBUIDORA DE TÍTULOS E VALORES MOBILIÁRIOS S.A.                  ,"Jun 21, 2021"
44189447,BCO LA PROVINCIA B AIRES BCE,495,No,RSFN,Banco de La Provincia de Buenos Aires                                           ,"Apr 22, 2002"
44292580,HR DIGITAL SCD,523,No,RSFN,HR DIGITAL - SOCIEDADE DE CRÉDITO DIRETO S/A                                    ,"Feb 15, 2023"
44478623,ATICCA SCD S.A.,527,No,RSFN,ATICCA - SOCIEDADE DE CRÉDITO DIRETO S.A.                                       ,"Feb 06, 2023"
44683140,MAGNUM SCD,511,Yes,RSFN,MAGNUM SOCIEDADE DE CRÉDITO DIRETO S.A.                                         ,"Aug 22, 2022"
44728700,ATF CREDIT SCD S.A.,513,No,RSFN,ATF CREDIT SOCIEDADE DE CRÉDITO DIRETO S.A.                                     ,"Dec 02, 2022"
45246410,BANCO GENIAL,125,Yes,RSFN,BANCO GENIAL S.A.                                                               ,"Nov 19, 2012"
45745537,EAGLE SCD S.A.,532,No,RSFN,EAGLE SOCIEDADE DE CRÉDITO DIRETO S.A.                                          ,"Apr 03, 2023"
45756448,MICROCASH SCMEPP LTDA.,537,No,RSFN,MICROCASH SOCIEDADE DE CRÉDITO AO MICROEMPREENDEDOR E À EMPRESA DE PEQUENO PORTE,"Mar 06, 2023"
45854066,WNT CAPITAL DTVM,524,No,RSFN,WNT CAPITAL DISTRIBUIDORA DE TÍTULOS E VALORES MOBILIÁRIOS S.A.                 ,"Mar 01, 2023"
46026562,MONETARIE SCD,526,No,RSFN,MONETARIE SOCIEDADE DE CRÉDITO DIRETO S.A.                                      ,"Jan 20, 2023"
46518205,JPMORGAN CHASE BANK,488,No,RSFN,"JPMorgan Chase Bank, National Association                                       ","Apr 22, 2002"
47593544,RED SCD S.A.,522,No,RSFN,RED SOCIEDADE DE CRÉDITO DIRETO S.A.                                            ,"Mar 27, 2023"
47873449,SER FINANCE SCD S.A.,530,No,RSFN,SER FINANCE SOCIEDADE DE CRÉDITO DIRETO S.A.                                    ,"Mar 14, 2023"
48795256,BCO ANDBANK S.A.,065,Yes,RSFN,Banco AndBank (Brasil) S.A.                                                     ,"Apr 22, 2002"
50579044,LEVYCAM CCV LTDA,145,No,Internet,LEVYCAM - CORRETORA DE CAMBIO E VALORES LTDA.                                   ,"Jun 16, 2015"
50585090,"BCV - BCO, CRÉDITO E VAREJO S.A.",250,No,RSFN,BCV - BANCO DE CRÉDITO E VAREJO S.A.                                            ,"Apr 22, 2002"
52937216,BEXS CC S.A.,253,No,Internet,Bexs Corretora de Câmbio S/A                                                    ,"Nov 11, 2016"
53518684,BCO HSBC S.A.,269,No,RSFN,BANCO HSBC S.A.                                                                 ,"Feb 07, 2018"
54403563,BCO ARBI S.A.,213,Yes,RSFN,Banco Arbi S.A.                                                                 ,"Apr 22, 2002"
54641030,Câmara B3                          ,n/a,No,RSFN,Câmara B3                                                                       ,"Apr 22, 2002"
55230916,INTESA SANPAOLO BRASIL S.A. BM,139,No,RSFN,Intesa Sanpaolo Brasil S.A. - Banco Múltiplo                                    ,"May 08, 2015"
57839805,BCO TRICURY S.A.,018,Yes,RSFN,Banco Tricury S.A.                                                              ,"Aug 05, 2013"
58160789,BCO SAFRA S.A.,422,Yes,RSFN,Banco Safra S.A.                                                                ,"Apr 22, 2002"
58497702,BCO LETSBANK S.A.,630,No,RSFN,BANCO LETSBANK S.A.                                                             ,"Apr 22, 2002"
58616418,BCO FIBRA S.A.,224,Yes,RSFN,Banco Fibra S.A.                                                                ,"Apr 22, 2002"
59109165,BCO VOLKSWAGEN S.A,393,No,RSFN,Banco Volkswagen S.A.                                                           ,"Aug 17, 2020"
59118133,BCO LUSO BRASILEIRO S.A.,600,Yes,RSFN,Banco Luso Brasileiro S.A.                                                      ,"Apr 22, 2002"
59274605,BCO GM S.A.,390,No,RSFN,BANCO GM S.A.                                                                   ,"Jul 22, 2020"
59285411,BANCO PAN,623,Yes,RSFN,Banco Pan S.A.                                                                  ,"Apr 22, 2002"
59588111,BCO VOTORANTIM S.A.,655,Yes,RSFN,Banco Votorantim S.A.                                                           ,"Apr 22, 2002"
60394079,BCO ITAUBANK S.A.,479,No,RSFN,Banco ItauBank S.A.                                                             ,"Apr 22, 2002"
60498557,BCO MUFG BRASIL S.A.,456,Yes,RSFN,Banco MUFG Brasil S.A.                                                          ,"Apr 22, 2002"
60518222,BCO SUMITOMO MITSUI BRASIL S.A.,464,No,RSFN,Banco Sumitomo Mitsui Brasileiro S.A.                                           ,"Apr 22, 2002"
60701190,ITAÚ UNIBANCO S.A.,341,Yes,RSFN,ITAÚ UNIBANCO S.A.                                                              ,"Apr 22, 2002"
60746948,BCO BRADESCO S.A.,237,Yes,RSFN,Banco Bradesco S.A.                                                             ,"Apr 22, 2002"
60814191,BCO MERCEDES-BENZ S.A.,381,No,RSFN,BANCO MERCEDES-BENZ DO BRASIL S.A.                                              ,"May 25, 2020"
60850229,OMNI BANCO S.A.,613,Yes,RSFN,Omni Banco S.A.                                                                 ,"Apr 22, 2002"
60889128,BCO SOFISA S.A.,637,Yes,RSFN,BANCO SOFISA S.A.                                                               ,"Apr 22, 2002"
60934221,Câmbio B3                          ,n/a,No,RSFN,Câmara de Câmbio B3                                                             ,"Apr 22, 2002"
61024352,BANCO VOITER,653,No,RSFN,BANCO VOITER S.A.                                                               ,"Apr 22, 2002"
61033106,BCO CREFISA S.A.,069,Yes,RSFN,Banco Crefisa S.A.                                                              ,"Nov 18, 2005"
61088183,BCO MIZUHO S.A.,370,No,RSFN,Banco Mizuho do Brasil S.A.                                                     ,"Apr 22, 2002"
61182408,BANCO INVESTCRED UNIBANCO S.A.,249,Yes,RSFN,Banco Investcred Unibanco S.A.                                                  ,"Apr 22, 2002"
61186680,BCO BMG S.A.,318,Yes,RSFN,Banco BMG S.A.                                                                  ,"Apr 22, 2002"
61348538,BCO C6 CONSIG,626,No,RSFN,BANCO C6 CONSIGNADO S.A.                                                        ,"Apr 22, 2002"
61384004,AVENUE SECURITIES DTVM LTDA.,508,No,RSFN,AVENUE SECURITIES DISTRIBUIDORA DE TÍTULOS E VALORES MOBILIÁRIOS LTDA.          ,"Aug 18, 2022"
61444949,SAGITUR CC,270,No,Internet,SAGITUR CORRETORA DE CÂMBIO S.A.                                                ,"Aug 01, 2018"
61533584,BCO SOCIETE GENERALE BRASIL,366,Yes,RSFN,BANCO SOCIETE GENERALE BRASIL S.A.                                              ,"Apr 22, 2002"
61723847,NEON CTVM S.A.,113,No,RSFN,NEON CORRETORA DE TÍTULOS E VALORES MOBILIÁRIOS S.A.                            ,"Nov 28, 2011"
61747085,TULLETT PREBON BRASIL CVC LTDA,131,No,RSFN,TULLETT PREBON BRASIL CORRETORA DE VALORES E CÂMBIO LTDA                        ,"Jul 15, 2013"
61809182,C.SUISSE HEDGING-GRIFFO CV S/A,011,No,RSFN,CREDIT SUISSE HEDGING-GRIFFO CORRETORA DE VALORES S.A                           ,"Jun 28, 2011"
61820817,BCO PAULISTA S.A.,611,Yes,RSFN,Banco Paulista S.A.                                                             ,"Apr 22, 2002"
62073200,BOFA MERRILL LYNCH BM S.A.,755,Yes,RSFN,Bank of America Merrill Lynch Banco Múltiplo S.A.                               ,"Nov 09, 2007"
62109566,CREDISAN CC,089,Yes,RSFN,CREDISAN COOPERATIVA DE CRÉDITO                                                 ,"Aug 30, 2010"
62144175,BCO PINE S.A.,643,Yes,RSFN,Banco Pine S.A.                                                                 ,"Apr 22, 2002"
62169875,NU INVEST CORRETORA DE VALORES S.A.,140,No,RSFN,NU INVEST CORRETORA DE VALORES S.A.                                             ,"May 26, 2015"
62232889,BCO DAYCOVAL S.A,707,Yes,RSFN,Banco Daycoval S.A.                                                             ,"Apr 22, 2002"
62237649,CAROL DTVM LTDA.,288,No,Internet,CAROL DISTRIBUIDORA DE TITULOS E VALORES MOBILIARIOS LTDA.                      ,"Jul 05, 2018"
62285390,SINGULARE CTVM S.A.,363,No,RSFN,SINGULARE CORRETORA DE TÍTULOS E VALORES MOBILIÁRIOS S.A.                       ,"Jun 01, 2020"
62287735,RENASCENCA DTVM LTDA,101,No,RSFN,RENASCENCA DISTRIBUIDORA DE TÍTULOS E VALORES MOBILIÁRIOS LTDA                  ,"Apr 22, 2010"
62331228,DEUTSCHE BANK S.A.BCO ALEMAO,487,Yes,RSFN,DEUTSCHE BANK S.A. - BANCO ALEMAO                                               ,"Apr 22, 2002"
62421979,BANCO CIFRA,233,No,RSFN,Banco Cifra S.A.                                                                ,"Apr 22, 2002"
65913436,GUIDE,177,No,RSFN,Guide Investimentos S.A. Corretora de Valores                                   ,"May 08, 2017"
67030395,TRUSTEE DTVM LTDA.,438,No,RSFN,TRUSTEE DISTRIBUIDORA DE TÍTULOS E VALORES MOBILIÁRIOS LTDA.                    ,"May 04, 2021"
68757681,SIMPAUL,365,No,RSFN,SIMPAUL CORRETORA DE CAMBIO E VALORES MOBILIARIOS  S.A.                         ,"Mar 17, 2020"
68900810,BCO RENDIMENTO S.A.,633,Yes,RSFN,Banco Rendimento S.A.                                                           ,"Apr 22, 2002"
71027866,BCO BS2 S.A.,218,Yes,RSFN,Banco BS2 S.A.                                                                  ,"Apr 22, 2002"
71590442,LASTRO RDV DTVM LTDA,293,No,Internet,Lastro RDV Distribuidora de Títulos e Valores Mobiliários Ltda.                 ,"Sep 10, 2018"
71677850,FRENTE CC S.A.,285,No,RSFN,FRENTE CORRETORA DE CÂMBIO S.A.                                                 ,"Sep 25, 2018"
73622748,B&T CC LTDA.,080,No,RSFN,B&T CORRETORA DE CAMBIO LTDA.                                                   ,"Nov 18, 2010"
74828799,NOVO BCO CONTINENTAL S.A. - BM,753,Yes,RSFN,Novo Banco Continental S.A. - Banco Múltiplo                                    ,"Apr 22, 2002"
75647891,BCO CRÉDIT AGRICOLE BR S.A.,222,Yes,RSFN,BANCO CRÉDIT AGRICOLE BRASIL S.A.                                               ,"Apr 22, 2002"
76461557,CCR COOPAVEL,281,Yes,RSFN,Cooperativa de Crédito Rural Coopavel                                           ,"Nov 05, 2018"
76543115,BANCO SISTEMA,754,No,RSFN,Banco Sistema S.A.                                                              ,"Jul 15, 2015"
76641497,DOURADA CORRETORA,311,No,Internet,DOURADA CORRETORA DE CÂMBIO LTDA.                                               ,"Jan 22, 2021"
78157146,CREDIALIANÇA CCR,098,Yes,RSFN,Credialiança Cooperativa de Crédito Rural                                       ,"Jan 18, 2011"
78626983,BCO VR S.A.,610,Yes,RSFN,Banco VR S.A.                                                                   ,"Apr 22, 2002"
78632767,BCO OURINVEST S.A.,712,No,RSFN,Banco Ourinvest S.A.                                                            ,"Jan 28, 2014"
80271455,BCO RNX S.A.,720,No,RSFN,BANCO RNX S.A.                                                                  ,"Feb 24, 2021"
81723108,CREDICOAMO,010,Yes,RSFN,CREDICOAMO CREDITO RURAL COOPERATIVA                                            ,"Dec 10, 2012"
82096447,CREDIBRF COOP,440,No,RSFN,CREDIBRF - COOPERATIVA DE CRÉDITO                                               ,"Sep 02, 2021"
87963450,MAGNETIS - DTVM,442,No,RSFN,MAGNETIS - DISTRIBUIDORA DE TÍTULOS E VALORES MOBILIÁRIOS LTDA                  ,"Sep 15, 2021"
89960090,RB INVESTIMENTOS DTVM LTDA.,283,No,RSFN,RB INVESTIMENTOS DISTRIBUIDORA DE TITULOS E VALORES MOBILIARIOS LIMITADA        ,"Jul 05, 2018"
90400888,BCO SANTANDER (BRASIL) S.A.,033,Yes,RSFN,BANCO SANTANDER (BRASIL) S.A.                                                   ,"Apr 22, 2002"
91884981,BANCO JOHN DEERE S.A.,217,Yes,RSFN,Banco John Deere S.A.                                                           ,"Apr 22, 2002"
92702067,BCO DO ESTADO DO RS S.A.,041,Yes,RSFN,Banco do Estado do Rio Grande do Sul S.A.                                       ,"Apr 22, 2002"
92856905,ADVANCED CC LTDA,117,No,Internet,ADVANCED CORRETORA DE CÂMBIO LTDA                                               ,"Oct 03, 2011"
92874270,BCO DIGIMAIS S.A.,654,Yes,RSFN,BANCO DIGIMAIS S.A.                                                             ,"Apr 22, 2002"
92875780,WARREN CVMC LTDA,371,No,RSFN,WARREN CORRETORA DE VALORES MOBILIÁRIOS E CÂMBIO LTDA.                          ,"May 13, 2020"
92894922,BANCO ORIGINAL,212,Yes,RSFN,Banco Original S.A.                                                             ,"Apr 22, 2002"
94968518,EFX CC LTDA.,289,No,RSFN,EFX CORRETORA DE CÂMBIO LTDA.                                                   ,"Mar 14, 2019"

